layer_type,INT8_speedup
linear,1.852793837689851
attention,0.7386821432424675
normalization,1.4565076210175993
activation,0.94320819112628
elementwise,0.15773269528107095
memory,0.7848417412465378
embedding,0.7379757435918459
dropout,1.0
