layer_type,INT8_speedup,INT4_speedup,INT8_activation_speedup,hybrid_speedup
linear,1.852793837689851,2.897686673112238,1.7573449616429613,2.414590456072867
attention,0.7386821432424675,1.3959819704880057,1.1385019530999312,1.431667098271834
normalization,1.4565076210175993,0.5326814235289346,0.38627215003473764,1.8524199130827126
activation,0.94320819112628,0.0057536594323289204,0.9113573407202217,1.0805442602439788
elementwise,0.15773269528107095,2.7002874767817335,0.024661683046697414,0.3750969097544206
memory,0.7848417412465378,0.8784360104648247,0.8228757511666164,0.9050995162660168
embedding,0.7379757435918459,0.9218569401161686,0.7499390008034041,0.9554194213622855
dropout,1.0,1.0,1.0,1.0
